NIS code;Woonplaats;Mannen;Vrouwen;Totaal
01000;België;5.660.064;5.832.577;11.492.641
02000;Vlaams Gewest;3.280.498;3.348.645;6.629.143
03000;Waals Gewest;1.781.860;1.863.383;3.645.243
04000;Brussels Hoofdstedelijk Gewest;597.706;620.549;1.218.255
10000;Provincie Antwerpen;927.773;941.957;1.869.730
11000;Arrondissement Antwerpen;524.320;533.416;1.057.736
11001;Aartselaar;7.153;7.274;14.427
11002;Antwerpen;264.763;264.484;529.247
11004;Boechout;6.526;6.846;13.372
11005;Boom;9.242;9.313;18.555
11007;Borsbeek;5.305;5.644;10.949
11008;Brasschaat;18.352;19.871;38.223
11009;Brecht;14.652;14.802;29.454
11013;Edegem;10.722;11.539;22.261
11016;Essen;9.580;9.582;19.162
11018;Hemiksem;5.793;5.841;11.634
11021;Hove (Antwerpen);3.974;4.303;8.277
11022;Kalmthout;9.224;9.648;18.872
11023;Kapellen (Antwerpen);13.167;13.814;26.981
11024;Kontich;10.435;10.768;21.203
11025;Lint;4.295;4.346;8.641
11029;Mortsel;12.704;13.453;26.157
11030;Niel;5.237;5.309;10.546
11035;Ranst;9.601;9.586;19.187
11037;Rumst;7.475;7.575;15.050
11038;Schelle;4.146;4.383;8.529
11039;Schilde;9.720;10.153;19.873
11040;Schoten;16.582;17.734;34.316
11044;Stabroek;9.337;9.452;18.789
11050;Wijnegem;4.841;5.142;9.983
11052;Wommelgem;6.404;6.539;12.943
11053;Wuustwezel;10.668;10.545;21.213
11054;Zandhoven;6.502;6.569;13.071
11055;Zoersel;10.794;11.271;22.065
11056;Zwijndrecht;9.409;9.745;19.154
11057;Malle;7.717;7.885;15.602
12000;Arrondissement Mechelen;170.620;176.505;347.125
12002;Berlaar;5.777;5.879;11.656
12005;Bonheiden;7.319;7.759;15.078
12007;Bornem;10.537;10.816;21.353
12009;Duffel;8.671;8.993;17.664
12014;Heist-op-den-Berg;21.192;21.758;42.950
12021;Lier;17.865;18.781;36.646
12025;Mechelen;42.555;44.366;86.921
12026;Nijlen;11.329;11.607;22.936
12029;Putte;8.849;9.078;17.927
12035;Sint-Katelijne-Waver;10.322;10.704;21.026
12040;Willebroek;13.226;13.600;26.826
12041;Puurs-Sint-Amands;12.978;13.164;26.142
13000;Arrondissement Turnhout;232.833;232.036;464.869
13001;Arendonk;6.654;6.636;13.290
13002;Baarle-Hertog;1.439;1.426;2.865
13003;Balen;11.364;11.449;22.813
13004;Beerse;9.030;9.098;18.128
13006;Dessel;4.811;4.794;9.605
13008;Geel;20.442;20.267;40.709
13010;Grobbendonk;5.597;5.575;11.172
13011;Herentals;13.934;14.338;28.272
13012;Herenthout;4.500;4.609;9.109
13013;Herselt;7.319;7.202;14.521
13014;Hoogstraten;10.891;10.533;21.424
13016;Hulshout;5.255;5.216;10.471
13017;Kasterlee;9.509;9.373;18.882
13019;Lille;8.360;8.204;16.564
13021;Meerhout;5.221;5.103;10.324
13023;Merksplas;4.357;4.231;8.588
13025;Mol;18.416;18.606;37.022
13029;Olen;6.327;6.233;12.560
13031;Oud-Turnhout;6.997;6.980;13.977
13035;Ravels;7.587;7.436;15.023
13036;Retie;5.805;5.703;11.508
13037;Rijkevorsel;6.147;6.031;12.178
13040;Turnhout;22.531;22.749;45.280
13044;Vorselaar;3.981;3.955;7.936
13046;Vosselaar;5.682;5.661;11.343
13049;Westerlo;12.570;12.549;25.119
13053;Laakdal;8.107;8.079;16.186
20001;Provincie Vlaams-Brabant;567.096;588.747;1.155.843
20002;Provincie Waals-Brabant;197.034;208.985;406.019
21000;Arrondissement Brussel-Hoofdstad;597.706;620.549;1.218.255
21001;Anderlecht;60.341;60.546;120.887
21002;Oudergem;16.454;17.950;34.404
21003;Sint-Agatha-Berchem;12.374;13.128;25.502
21004;Brussel;94.549;90.554;185.103
21005;Etterbeek;23.355;25.118;48.473
21006;Evere;20.396;22.260;42.656
21007;Vorst (Brussel-Hoofdstad);27.403;29.178;56.581
21008;Ganshoren;12.063;13.171;25.234
21009;Elsene;42.919;44.713;87.632
21010;Jette;25.324;27.404;52.728
21011;Koekelberg;10.990;10.969;21.959
21012;Sint-Jans-Molenbeek;48.883;49.096;97.979
21013;Sint-Gillis;24.955;24.723;49.678
21014;Sint-Joost-ten-Node;14.395;13.102;27.497
21015;Schaarbeek;65.969;66.830;132.799
21016;Ukkel;39.056;44.924;83.980
21017;Watermaal-Bosvoorde;11.737;13.595;25.332
21018;Sint-Lambrechts-Woluwe;26.861;30.851;57.712
21019;Sint-Pieters-Woluwe;19.682;22.437;42.119
23000;Arrondissement Halle-Vilvoorde;313.872;329.894;643.766
23002;Asse;16.383;17.122;33.505
23003;Beersel;12.497;12.846;25.343
23009;Bever;1.098;1.080;2.178
23016;Dilbeek;20.979;22.444;43.423
23023;Galmaarden;4.375;4.461;8.836
23024;Gooik;4.531;4.658;9.189
23025;Grimbergen;18.326;19.646;37.972
23027;Halle (Halle-Vilvoorde);19.466;20.716;40.182
23032;Herne;3.276;3.423;6.699
23033;Hoeilaart;5.587;5.821;11.408
23038;Kampenhout;5.960;6.169;12.129
23039;Kapelle-op-den-Bos;4.612;4.889;9.501
23044;Liedekerke;6.539;6.858;13.397
23045;Londerzeel;9.274;9.587;18.861
23047;Machelen (Halle-Vilvoorde);7.618;7.987;15.605
23050;Meise;9.557;10.070;19.627
23052;Merchtem;8.238;8.528;16.766
23060;Opwijk;7.218;7.528;14.746
23062;Overijse;12.492;13.005;25.497
23064;Pepingen;2.270;2.267;4.537
23077;Sint-Pieters-Leeuw;16.923;17.698;34.621
23081;Steenokkerzeel;6.007;6.272;12.279
23086;Ternat;7.888;8.124;16.012
23088;Vilvoorde;22.086;23.409;45.495
23094;Zaventem;17.002;17.780;34.782
23096;Zemst;11.404;11.856;23.260
23097;Roosdaal;5.756;5.909;11.665
23098;Drogenbos;2.646;3.007;5.653
23099;Kraainem;6.696;7.157;13.853
23100;Linkebeek;2.213;2.483;4.696
23101;Sint-Genesius-Rode;8.940;9.579;18.519
23102;Wemmel;8.178;8.636;16.814
23103;Wezembeek-Oppem;6.831;7.438;14.269
23104;Lennik;4.466;4.630;9.096
23105;Affligem;6.540;6.811;13.351
24000;Arrondissement Leuven;253.224;258.853;512.077
24001;Aarschot;14.768;15.415;30.183
24007;Begijnendijk;5.024;5.232;10.256
24008;Bekkevoort;3.227;3.105;6.332
24009;Bertem;4.993;5.148;10.141
24011;Bierbeek;5.064;5.098;10.162
24014;Boortmeerbeek;6.249;6.380;12.629
24016;Boutersem;4.080;4.162;8.242
24020;Diest;11.935;12.299;24.234
24028;Geetbets;3.074;3.062;6.136
24033;Haacht;7.299;7.555;14.854
24038;Herent;10.675;11.245;21.920
24041;Hoegaarden;3.452;3.411;6.863
24043;Holsbeek;5.002;5.060;10.062
24045;Huldenberg;4.913;5.030;9.943
24048;Keerbergen;6.331;6.623;12.954
24054;Kortenaken;3.943;3.949;7.892
24055;Kortenberg;9.977;10.312;20.289
24059;Landen;7.875;8.221;16.096
24062;Leuven;51.326;50.949;102.275
24066;Lubbeek;7.244;7.312;14.556
24086;Oud-Heverlee;5.517;5.571;11.088
24094;Rotselaar;8.449;8.575;17.024
24104;Tervuren;11.050;11.658;22.708
24107;Tienen;17.076;18.217;35.293
24109;Tremelo;7.418;7.499;14.917
24130;Zoutleeuw;4.218;4.357;8.575
24133;Linter;3.615;3.656;7.271
24134;Scherpenheuvel-Zichem;11.416;11.662;23.078
24135;Tielt-Winge;5.389;5.394;10.783
24137;Glabbeek;2.625;2.696;5.321
25000;Arrondissement Nijvel;197.034;208.985;406.019
25005;Bevekom;3.556;3.649;7.205
25014;Eigenbrakel;19.334;20.836;40.170
25015;Kasteelbrakel;5.117;5.431;10.548
25018;Chaumont-Gistoux;5.694;5.937;11.631
25023;Court-Saint-Etienne;5.189;5.400;10.589
25031;Genepiën;7.662;7.898;15.560
25037;Graven;6.793;7.080;13.873
25043;Incourt;2.708;2.814;5.522
25044;Itter;3.395;3.562;6.957
25048;Geldenaken;7.028;7.329;14.357
25050;Terhulpen;3.565;3.877;7.442
25068;Mont-Saint-Guibert;3.905;3.991;7.896
25072;Nijvel;13.671;15.212;28.883
25084;Perwijs (Nijvel);4.601;4.860;9.461
25091;Rixensart;10.789;11.864;22.653
25105;Tubeke;13.006;13.650;26.656
25107;Villers-la-Ville;5.348;5.420;10.768
25110;Waterloo;14.441;15.935;30.376
25112;Waver;16.658;18.090;34.748
25117;Chastre;3.805;3.880;7.685
25118;Hélécine;1.811;1.833;3.644
25119;Lasne;6.967;7.290;14.257
25120;Orp-Jauche;4.412;4.569;8.981
25121;Ottignies-Louvain-la-Neuve;15.232;16.084;31.316
25122;Ramillies;3.266;3.282;6.548
25123;Rebecq;5.418;5.516;10.934
25124;Walhain;3.663;3.696;7.359
30000;Provincie West-Vlaanderen;595.359;605.586;1.200.945
31000;Arrondissement Brugge;139.169;143.576;282.745
31003;Beernem;8.040;7.777;15.817
31004;Blankenberge;10.106;10.357;20.463
31005;Brugge;57.851;60.805;118.656
31006;Damme;5.493;5.526;11.019
31012;Jabbeke;6.894;6.974;13.868
31022;Oostkamp;11.822;11.983;23.805
31033;Torhout;10.248;10.219;20.467
31040;Zedelgem;11.418;11.434;22.852
31042;Zuienkerke;1.366;1.343;2.709
31043;Knokke-Heist;15.931;17.158;33.089
32000;Arrondissement Diksmuide;25.843;25.853;51.696
32003;Diksmuide;8.416;8.427;16.843
32006;Houthulst;5.067;5.043;10.110
32010;Koekelare;4.363;4.397;8.760
32011;Kortemark;6.343;6.350;12.693
32030;Lo-Reninge;1.654;1.636;3.290
33000;Arrondissement Ieper;53.235;53.335;106.570
33011;Ieper;17.218;17.777;34.995
33016;Mesen;520;527;1.047
33021;Poperinge;9.786;9.931;19.717
33029;Wervik;9.495;9.414;18.909
33037;Zonnebeke;6.287;6.211;12.498
33039;Heuvelland;4.075;3.851;7.926
33040;Langemark-Poelkapelle;3.991;3.834;7.825
33041;Vleteren;1.863;1.790;3.653
34000;Arrondissement Kortrijk;144.761;147.732;292.493
34002;Anzegem;7.426;7.355;14.781
34003;Avelgem;5.035;5.171;10.206
34009;Deerlijk;5.955;6.123;12.078
34013;Harelbeke;14.281;14.221;28.502
34022;Kortrijk;38.035;39.074;77.109
34023;Kuurne;6.744;6.932;13.676
34025;Lendelede;2.867;2.920;5.787
34027;Menen;16.604;16.936;33.540
34040;Waregem;18.897;19.453;38.350
34041;Wevelgem;15.593;15.986;31.579
34042;Zwevegem;12.320;12.494;24.814
34043;Spiere-Helkijn;1.004;1.067;2.071
35000;Arrondissement Oostende;77.908;79.872;157.780
35002;Bredene;9.035;9.106;18.141
35005;Gistel;6.046;6.120;12.166
35006;Ichtegem;7.037;7.004;14.041
35011;Middelkerke;9.727;9.851;19.578
35013;Oostende;35.120;36.527;71.647
35014;Oudenburg;4.744;4.763;9.507
35029;De Haan;6.199;6.501;12.700
36000;Arrondissement Roeselare;76.946;77.548;154.494
36006;Hooglede;5.046;4.927;9.973
36007;Ingelmunster;5.503;5.628;11.131
36008;Izegem;13.918;14.404;28.322
36010;Ledegem;4.822;4.865;9.687
36011;Lichtervelde;4.516;4.427;8.943
36012;Moorslede;5.681;5.761;11.442
36015;Roeselare;31.668;31.810;63.478
36019;Staden;5.792;5.726;11.518
37000;Arrondissement Tielt;46.964;46.464;93.428
37002;Dentergem;4.333;4.279;8.612
37007;Meulebeke;5.450;5.383;10.833
37010;Oostrozebeke;3.955;4.001;7.956
37011;Pittem;3.397;3.320;6.717
37012;Ruiselede;2.692;2.676;5.368
37015;Tielt (Tielt);10.308;10.295;20.603
37017;Wielsbeke;4.969;4.864;9.833
37018;Wingene;7.329;7.100;14.429
37020;Ardooie;4.531;4.546;9.077
38000;Arrondissement Veurne;30.533;31.206;61.739
38002;Alveringem;2.582;2.411;4.993
38008;De Panne;5.501;5.646;11.147
38014;Koksijde;10.764;11.105;21.869
38016;Nieuwpoort;5.732;5.904;11.636
38025;Veurne;5.954;6.140;12.094
40000;Provincie Oost-Vlaanderen;753.499;771.756;1.525.255
41000;Arrondissement Aalst;144.327;149.323;293.650
41002;Aalst (Aalst);42.903;44.429;87.332
41011;Denderleeuw;10.092;10.459;20.551
41018;Geraardsbergen;16.575;17.074;33.649
41024;Haaltert;9.154;9.428;18.582
41027;Herzele;8.996;9.191;18.187
41034;Lede;9.320;9.546;18.866
41048;Ninove;19.231;20.020;39.251
41063;Sint-Lievens-Houtem;5.151;5.249;10.400
41081;Zottegem;12.949;13.737;26.686
41082;Erpe-Mere;9.956;10.190;20.146
42000;Arrondissement Dendermonde;99.678;102.733;202.411
42003;Berlare;7.427;7.666;15.093
42004;Buggenhout;7.245;7.417;14.662
42006;Dendermonde;22.402;23.468;45.870
42008;Hamme (Dendermonde);12.318;12.628;24.946
42010;Laarne;6.104;6.257;12.361
42011;Lebbeke;9.630;9.908;19.538
42023;Waasmunster;5.472;5.461;10.933
42025;Wetteren;12.738;13.283;26.021
42026;Wichelen;5.751;5.898;11.649
42028;Zele;10.591;10.747;21.338
43000;Arrondissement Eeklo;42.716;42.976;85.692
43002;Assenede;7.065;7.231;14.296
43005;Eeklo;10.486;10.799;21.285
43007;Kaprijke;3.193;3.243;6.436
43010;Maldegem;11.982;11.976;23.958
43014;Sint-Laureins;3.450;3.368;6.818
43018;Zelzate;6.540;6.359;12.899
44000;Arrondissement Gent;279.539;284.503;564.042
44012;De Pinte;5.221;5.660;10.881
44013;Destelbergen;9.061;9.467;18.528
44019;Evergem;17.581;18.047;35.628
44020;Gavere;6.378;6.525;12.903
44021;Gent;131.543;132.384;263.927
44034;Lochristi;11.179;11.431;22.610
44040;Melle;5.677;6.134;11.811
44043;Merelbeke;12.154;12.602;24.756
44045;Moerbeke (Gent);3.273;3.297;6.570
44048;Nazareth;5.753;5.949;11.702
44052;Oosterzele;6.854;6.835;13.689
44064;Sint-Martens-Latem;4.041;4.324;8.365
44073;Wachtebeke;3.828;3.981;7.809
44081;Zulte;7.936;7.855;15.791
44083;Deinze;21.566;22.014;43.580
44084;Aalter;14.614;14.568;29.182
44085;Lievegem;12.880;13.430;26.310
45000;Arrondissement Oudenaarde;61.593;63.017;124.610
45035;Oudenaarde;15.689;15.923;31.612
45041;Ronse;12.918;13.456;26.374
45059;Brakel;7.277;7.526;14.803
45060;Kluisbergen;3.277;3.300;6.577
45061;Wortegem-Petegem;3.217;3.178;6.395
45062;Horebeke;973;1.049;2.022
45063;Lierde;3.308;3.271;6.579
45064;Maarkedal;3.081;3.257;6.338
45065;Zwalm;4.030;4.137;8.167
45068;Kruisem;7.823;7.920;15.743
46000;Arrondissement Sint-Niklaas;125.646;129.204;254.850
46003;Beveren (Sint-Niklaas);24.237;24.810;49.047
46013;Kruibeke;8.320;8.526;16.846
46014;Lokeren;20.717;21.327;42.044
46020;Sint-Gillis-Waas;9.693;9.806;19.499
46021;Sint-Niklaas (Sint-Niklaas);38.468;40.063;78.531
46024;Stekene;9.221;9.466;18.687
46025;Temse;14.990;15.206;30.196
50000;Provincie Henegouwen;655.724;691.116;1.346.840
51000;Arrondissement Aat;62.914;65.554;128.468
51004;Aat;14.234;15.260;29.494
51008;Beloeil;6.954;7.106;14.060
51009;Bernissart;5.773;6.079;11.852
51012;Brugelette;1.839;1.885;3.724
51014;Chièvres;3.429;3.496;6.925
51017;Elzele;2.958;3.034;5.992
51019;Vloesberg;1.689;1.744;3.433
51065;Frasnes-lez-Anvaing;5.839;5.994;11.833
51067;Edingen;6.829;7.232;14.061
51068;Opzullik;4.169;4.179;8.348
51069;Lessen;9.201;9.545;18.746
52000;Arrondissement Charleroi;192.791;204.171;396.962
52010;Chapelle-lez-Herlaimont;7.100;7.705;14.805
52011;Charleroi;99.022;103.724;202.746
52012;Châtelet;17.190;18.478;35.668
52015;Courcelles;15.132;16.065;31.197
52018;Farciennes;5.463;5.792;11.255
52021;Fleurus;11.176;11.880;23.056
52022;Fontaine-l’Evêque;8.592;9.246;17.838
52025;Gerpinnes;6.176;6.632;12.808
52048;Montigny-le-Tilleul;4.775;5.357;10.132
52055;Pont-à-Celles;8.391;8.860;17.251
52074;Aiseau-Presles;5.186;5.553;10.739
52075;Les Bons Villers;4.588;4.879;9.467
53000;Arrondissement Bergen;125.294;133.943;259.237
53014;Boussu;9.426;10.420;19.846
53020;Dour;7.955;8.557;16.512
53028;Frameries;10.409;11.550;21.959
53039;Hensies;3.307;3.542;6.849
53044;Jurbeke;5.129;5.393;10.522
53046;Lens;2.252;2.340;4.592
53053;Bergen;46.682;49.205;95.887
53065;Quaregnon;9.103;9.815;18.918
53068;Quiévrain;3.260;3.486;6.746
53070;Saint-Ghislain;11.223;12.205;23.428
53082;Colfontaine;10.027;10.714;20.741
53083;Honnelles;2.563;2.589;5.152
53084;Quévy;3.958;4.127;8.085
55000;Arrondissement Zinnik;51.542;53.637;105.179
55004;’s Gravenbrakel;10.872;11.190;22.062
55035;Le Roeulx;4.303;4.432;8.735
55040;Zinnik;13.757;14.514;28.271
55050;Ecaussinnes;5.478;5.724;11.202
55085;Seneffe;5.618;5.862;11.480
55086;Manage;11.514;11.915;23.429
56000;Arrondissement Thuin;45.124;46.601;91.725
56001;Anderlues;6.051;6.311;12.362
56005;Beaumont;3.596;3.569;7.165
56016;Chimay;4.796;4.930;9.726
56022;Erquelinnes;4.866;5.120;9.986
56029;Froidchapelle;2.006;1.987;3.993
56044;Lobbes;2.828;2.990;5.818
56049;Merbes-le-Château;2.099;2.113;4.212
56051;Momignies;2.690;2.655;5.345
56078;Thuin;7.268;7.435;14.703
56086;Ham-sur-Heure-Nalinnes;6.568;7.053;13.621
56088;Sivry-Rance;2.356;2.438;4.794
57000;Arrondissement Doornik-Moeskroen;109.513;114.286;223.799
57003;Antoing;3.776;3.938;7.714
57018;Celles (Doornik);2.816;2.875;5.691
57027;Estaimpuis;5.190;5.376;10.566
57062;Pecq;2.862;2.899;5.761
57064;Péruwelz;8.385;8.735;17.120
57072;Rumes;2.582;2.638;5.220
57081;Doornik;33.886;35.197;69.083
57093;Brunehaut;4.007;4.082;8.089
57094;Leuze-en-Hainaut;6.755;7.186;13.941
57095;Mont-de-l’Enclus;1.915;1.874;3.789
57096;Moeskroen;28.521;30.246;58.767
57097;Komen-Waasten;8.818;9.240;18.058
58000;Arrondissement La Louvière;68.546;72.924;141.470
58001;La Louvière;39.410;41.728;81.138
58002;Binche;16.038;17.410;33.448
58003;Estinnes;3.846;3.913;7.759
58004;Morlanwelz;9.252;9.873;19.125
60000;Provincie Luik;543.373;566.427;1.109.800
61000;Arrondissement Hoei;55.984;57.885;113.869
61003;Amay;7.004;7.402;14.406
61010;Burdinne;1.654;1.643;3.297
61012;Clavier;2.274;2.368;4.642
61019;Ferrières;2.534;2.472;5.006
61024;Hamoir;1.926;1.920;3.846
61028;Héron;2.719;2.757;5.476
61031;Hoei;10.286;10.952;21.238
61039;Marchin;2.681;2.760;5.441
61041;Modave;2.121;2.098;4.219
61043;Nandrin;2.814;2.944;5.758
61048;Ouffet;1.371;1.426;2.797
61063;Verlaine;2.133;2.144;4.277
61068;Villers-Le-Bouillet;3.229;3.364;6.593
61072;Wanze;6.751;6.980;13.731
61079;Anthisnes;2.067;2.131;4.198
61080;Engis;3.083;3.126;6.209
61081;Tinlot;1.337;1.398;2.735
62000;Arrondissement Luik;305.155;320.610;625.765
62003;Ans;13.678;14.920;28.598
62006;Awans;4.430;4.813;9.243
62009;Aywaille;6.135;6.259;12.394
62011;Bitsingen;4.435;4.496;8.931
62015;Beyne-Heusay;5.719;6.172;11.891
62022;Chaudfontaine;9.992;10.863;20.855
62026;Comblain-au-Pont;2.612;2.784;5.396
62027;Dalhem;3.710;3.807;7.517
62032;Esneux;6.331;6.684;13.015
62038;Fléron;7.733;8.637;16.370
62051;Herstal;19.456;20.734;40.190
62060;Juprelle;4.691;4.744;9.435
62063;Luik;97.673;99.544;197.217
62079;Oupeye;12.349;13.095;25.444
62093;Saint-Nicolas (Luik);11.692;12.637;24.329
62096;Seraing;30.961;33.231;64.192
62099;Soumagne;8.282;8.758;17.040
62100;Sprimont;7.201;7.708;14.909
62108;Wezet;8.654;9.272;17.926
62118;Grâce-Hollogne;11.218;11.605;22.823
62119;Blegny;6.567;6.820;13.387
62120;Flémalle;12.698;13.691;26.389
62121;Neupré;4.878;5.099;9.977
62122;Trooz;4.060;4.237;8.297
63000;Arrondissement Verviers;142.245;146.032;288.277
63001;Amel;2.821;2.665;5.486
63003;Aubel;2.080;2.166;4.246
63004;Baelen;2.250;2.237;4.487
63012;Büllingen;2.811;2.645;5.456
63013;Bütgenbach;2.846;2.783;5.629
63020;Dison;7.516;7.739;15.255
63023;Eupen;9.679;10.083;19.762
63035;Herve;8.558;9.062;17.620
63038;Jalhay;4.349;4.379;8.728
63040;Kelmis;5.498;5.714;11.212
63045;Lierneux;1.803;1.772;3.575
63046;Limburg;2.925;2.980;5.905
63048;Lontzen;2.913;2.920;5.833
63049;Malmedy;6.183;6.614;12.797
63057;Olne;2.026;2.010;4.036
63058;Pepinster;4.750;4.943;9.693
63061;Raeren;5.346;5.472;10.818
63067;Sankt Vith;4.899;4.880;9.779
63072;Spa;4.912;5.237;10.149
63073;Stavelot;3.583;3.570;7.153
63075;Stoumont;1.580;1.594;3.174
63076;Theux;5.856;6.156;12.012
63079;Verviers;26.985;28.305;55.290
63080;Weismes;3.744;3.635;7.379
63084;Welkenraedt;4.934;5.134;10.068
63086;Trois-Ponts;1.273;1.280;2.553
63087;Burg-Reuland;2.018;1.956;3.974
63088;Plombières;5.254;5.273;10.527
63089;Thimister-Clermont;2.853;2.828;5.681
64000;Arrondissement Borgworm;39.989;41.900;81.889
64008;Berloz;1.580;1.555;3.135
64015;Braives;3.187;3.204;6.391
64021;Crisnée;1.707;1.758;3.465
64023;Donceel;1.569;1.519;3.088
64025;Fexhe-le-Haut-Clocher;1.613;1.603;3.216
64029;Geer;1.736;1.742;3.478
64034;Hannuit;8.017;8.668;16.685
64047;Lijsem;1.620;1.660;3.280
64056;Oerle;1.884;2.020;3.904
64063;Remicourt;2.894;3.078;5.972
64065;Saint-Georges-sur-Meuse;3.418;3.506;6.924
64074;Borgworm;7.355;8.089;15.444
64075;Wasseiges;1.450;1.519;2.969
64076;Faimes;1.959;1.979;3.938
70000;Provincie Limburg;436.771;440.599;877.370
71000;Arrondissement Hasselt;208.089;212.223;420.312
71002;As;4.074;4.162;8.236
71004;Beringen;23.357;23.241;46.598
71011;Diepenbeek;9.547;9.543;19.090
71016;Genk;32.799;33.648;66.447
71017;Gingelom;4.219;4.170;8.389
71020;Halen;4.732;4.753;9.485
71022;Hasselt;38.542;40.172;78.714
71024;Herk-de-Stad;6.257;6.393;12.650
71034;Leopoldsburg;7.875;7.975;15.850
71037;Lummen;7.568;7.410;14.978
71045;Nieuwerkerken (Hasselt);3.433;3.565;6.998
71053;Sint-Truiden;20.046;20.626;40.672
71057;Tessenderlo;9.196;9.531;18.727
71066;Zonhoven;10.517;10.810;21.327
71067;Zutendaal;3.662;3.620;7.282
71069;Ham;5.457;5.520;10.977
71070;Heusden-Zolder;16.808;17.084;33.892
72000;Arrondissement Maaseik;126.506;125.609;252.115
72003;Bocholt;6.609;6.535;13.144
72004;Bree;8.048;8.121;16.169
72018;Kinrooi;6.168;6.038;12.206
72020;Lommel;17.236;17.009;34.245
72021;Maaseik;12.598;12.712;25.310
72030;Peer;8.206;8.092;16.298
72037;Hamont-Achel;7.256;7.043;14.299
72038;Hechtel-Eksel;6.356;6.154;12.510
72039;Houthalen-Helchteren;15.248;15.302;30.550
72041;Dilsen-Stokkem;10.297;10.396;20.693
72042;Oudsbergen;11.929;11.686;23.615
72043;Pelt;16.555;16.521;33.076
73000;Arrondissement Tongeren;102.176;102.767;204.943
73001;Alken;5.803;5.823;11.626
73006;Bilzen;16.078;16.399;32.477
73009;Borgloon;5.510;5.500;11.010
73022;Heers;3.668;3.669;7.337
73028;Herstappe;47;32;79
73032;Hoeselt;4.833;4.897;9.730
73040;Kortessem;4.228;4.209;8.437
73042;Lanaken;13.013;12.871;25.884
73066;Riemst;8.392;8.367;16.759
73083;Tongeren;15.367;15.775;31.142
73098;Wellen;3.687;3.667;7.354
73107;Maasmechelen;19.457;19.476;38.933
73109;Voeren;2.093;2.082;4.175
80000;Provincie Luxemburg;142.710;144.042;286.752
81000;Arrondissement Aarlen;31.389;31.607;62.996
81001;Aarlen;15.000;15.081;30.081
81003;Attert;2.820;2.826;5.646
81004;Aubange;8.521;8.625;17.146
81013;Martelange;946;911;1.857
81015;Messancy;4.102;4.164;8.266
82000;Arrondissement Bastenaken;24.505;24.578;49.083
82003;Bastenaken;8.091;8.185;16.276
82005;Bertogne;1.843;1.813;3.656
82009;Fauvillers;1.149;1.170;2.319
82014;Houffalize;2.626;2.581;5.207
82032;Vielsalm;3.917;3.969;7.886
82036;Vaux-sur-Sûre;2.846;2.888;5.734
82037;Gouvy;2.722;2.675;5.397
82038;Sainte-Ode;1.311;1.297;2.608
83000;Arrondissement Marche-en-Famenne;28.337;28.434;56.771
83012;Durbuy;5.673;5.785;11.458
83013;Erezée;1.665;1.602;3.267
83028;Hotton;2.794;2.841;5.635
83031;La Roche-en-Ardenne;2.116;2.076;4.192
83034;Marche-en-Famenne;8.679;8.912;17.591
83040;Nassogne;2.854;2.714;5.568
83044;Rendeux;1.340;1.301;2.641
83049;Tenneville;1.400;1.448;2.848
83055;Manhay;1.816;1.755;3.571
84000;Arrondissement Neufchâteau;31.745;32.018;63.763
84009;Bertrix;4.388;4.456;8.844
84010;Bouillon;2.676;2.751;5.427
84016;Daverdisse;689;693;1.382
84029;Herbeumont;853;796;1.649
84033;Léglise;2.859;2.694;5.553
84035;Libin;2.618;2.627;5.245
84043;Neufchâteau (Neufchâteau);3.893;3.902;7.795
84050;Paliseul;2.687;2.705;5.392
84059;Saint-Hubert;2.747;2.858;5.605
84068;Tellin;1.211;1.232;2.443
84075;Wellin;1.526;1.582;3.108
84077;Libramont-Chevigny;5.598;5.722;11.320
85000;Arrondissement Virton;26.734;27.405;54.139
85007;Chiny;2.623;2.603;5.226
85009;Etalle;2.988;2.973;5.961
85011;Florenville;2.731;2.863;5.594
85024;Meix-devant-Virton;1.376;1.434;2.810
85026;Musson;2.291;2.368;4.659
85034;Saint-Léger (Virton);1.793;1.863;3.656
85039;Tintigny;2.149;2.153;4.302
85045;Virton;5.537;5.804;11.341
85046;Habay;4.205;4.272;8.477
85047;Rouvroy;1.041;1.072;2.113
90000;Provincie Namen;243.019;252.813;495.832
91000;Arrondissement Dinant;54.892;56.394;111.286
91005;Anhée;3.490;3.653;7.143
91013;Beauraing;4.442;4.715;9.157
91015;Bièvre;1.674;1.688;3.362
91030;Ciney;8.014;8.692;16.706
91034;Dinant;6.548;6.826;13.374
91054;Gedinne;2.299;2.353;4.652
91059;Hamois;3.654;3.710;7.364
91064;Havelange;2.600;2.637;5.237
91072;Houyet;2.452;2.535;4.987
91103;Onhaye;1.633;1.597;3.230
91114;Rochefort;6.181;6.390;12.571
91120;Somme-Leuze;2.906;2.893;5.799
91141;Yvoir;4.541;4.568;9.109
91142;Hastière;3.129;2.887;6.016
91143;Vresse-sur-Semois;1.329;1.250;2.579
92000;Arrondissement Namen;155.471;162.760;318.231
92003;Andenne;13.419;14.154;27.573
92006;Assesse;3.558;3.532;7.090
92035;Eghezée;8.049;8.399;16.448
92045;Floreffe;3.979;4.169;8.148
92048;Fosses-la-Ville;5.210;5.259;10.469
92054;Gesves;3.595;3.613;7.208
92087;Mettet;6.462;6.691;13.153
92094;Namen;53.908;57.524;111.432
92097;Ohey;2.575;2.567;5.142
92101;Profondeville;5.987;6.189;12.176
92114;Sombreffe;4.203;4.277;8.480
92137;Sambreville;13.671;14.701;28.372
92138;Fernelmont;3.995;4.072;8.067
92140;Jemeppe-sur-Sambre;9.440;9.660;19.100
92141;La Bruyère;4.486;4.746;9.232
92142;Gembloux;12.934;13.207;26.141
93000;Arrondissement Philippeville;32.656;33.659;66.315
93010;Cerfontaine;2.488;2.499;4.987
93014;Couvin;6.754;7.084;13.838
93018;Doische;1.453;1.517;2.970
93022;Florennes;5.556;5.710;11.266
93056;Philippeville;4.567;4.634;9.201
93088;Walcourt;9.052;9.355;18.407
93090;Viroinval;2.786;2.860;5.646
;;;;
Bron: Statbel (Algemene Directie Statistiek – Statistics Belgium );;;;
Source: Statbel (Direction générale Statistique – Statistics Belgium );;;;
Source: Statbel (Directorate-general Statistics – Statistics Belgium );;;;

